robot_pos_x,robot_pos_y,robot_pos_theta,goal_pos_x,goal_pos_y,dist_sensor_0,dist_sensor_1,dist_sensor_2,dist_sensor_3,dist_sensor_4,dist_sensor_5,dist_sensor_6,dist_sensor_7,dist_sensor_8,dist_sensor_9,dist_sensor_10,dist_sensor_11,dist_sensor_12,dist_sensor_13,dist_sensor_14,dist_sensor_15,step,command_type,trajectory_x,trajectory_y
10.0,10.0,90.0,85.0,85.0,90.0,97.41529802631547,127.27922061357856,97.41529802631547,90.0,26.131259297527535,14.142135623730951,10.82392200292394,10.0,10.82392200292394,14.142135623730951,10.823922002923943,10.0,10.823922002923942,14.142135623730947,26.131259297527485,0,RIGHT,1.0,6.123233995736766e-17
10.0,10.0,87.00000000000001,85.0,85.0,90.12351113981289,95.47638296264974,121.10694566457384,99.71356896742199,90.1235111398129,29.95744312430926,14.944765498646085,11.079285440824666,10.01372345997921,10.608486995849969,13.45632729606376,11.079285440824666,10.01372345997921,10.608486995849972,13.456327296063757,23.22820497343172,1,RIGHT,0.9986295347545738,-0.05233595624294377
10.0,10.0,84.0,85.0,85.0,90.49574516071647,93.86540214712218,115.80836093038506,102.41038630595972,90.49574516071647,35.20936522082882,15.8901572906575,11.378931811773304,10.055082795635164,10.42948912745802,12.867595658931672,11.378931811773306,10.055082795635164,10.42948912745802,12.867595658931672,20.957385325083994,2,RIGHT,0.9945218953682732,-0.10452846326765342
10.0,10.0,81.0,85.0,85.0,63.92453221499658,92.55736742986876,111.24611797498109,105.55449269526082,91.12186132092026,42.83657569731186,17.013016167040803,11.72827696614009,10.12465125788003,10.284151936652085,12.360679774997894,11.728276966140095,10.12465125788003,10.284151936652087,12.360679774997893,19.13880855430941,3,RIGHT,0.9876883405951375,-0.15643446504023079
10.0,10.0,78.00000000000001,85.0,85.0,48.09734344744132,91.53272392301389,107.31269635523529,109.20657690842826,92.01065353785265,54.874042659870405,18.360784587766638,12.134064100936476,10.223405948650292,10.170302658112654,11.923632928359472,12.134064100936477,10.223405948650294,10.170302658112657,11.923632928359474,17.655172821352743,4,RIGHT,0.9781476007338055,-0.20791169081775923
10.0,10.0,75.0,85.0,85.0,38.63703305156274,90.77660645221374,103.92304845413265,113.44251726092381,93.17485623690749,76.61297575540395,20.0,12.604724140102647,10.352761804100831,10.086289605801527,11.547005383792515,12.60472414010265,10.352761804100831,10.086289605801529,11.547005383792513,16.426796317045806,5,RIGHT,0.9659258262890681,-0.25881904510252063
10.0,10.0,72.0,85.0,85.0,32.360679774997905,90.2782978634543,101.00936138709247,118.35782999017067,94.63160018144406,90.2782978634543,22.026892645852673,13.150869998907853,10.514622242382673,10.030921984828256,11.223262376343607,13.150869998907858,10.514622242382673,10.030921984828256,11.223262376343607,15.397690432223655,6,RIGHT,0.9510565162951533,-0.3090169943749473
10.0,10.0,69.0,85.0,85.0,27.90428109625336,90.03085132417812,98.5172650655442,124.07386254135443,96.40304942733259,90.03085132417812,24.585933355742387,13.785984726817162,10.711449936370292,10.00342792490868,10.946362785060467,13.78598472681717,10.711449936370292,10.00342792490868,10.946362785060467,14.527396712546803,7,RIGHT,0.9335804264972014,-0.35836794954530016
10.0,10.0,65.99999999999999,85.0,85.0,24.58593335574237,90.03085132417812,96.40304942733259,124.07386254135442,98.51726506554421,90.03085132417812,27.904281096253374,14.52739671254682,10.946362785060469,10.00342792490868,10.71144993637029,13.78598472681715,10.946362785060469,10.00342792490868,10.71144993637029,13.785984726817153,8,RIGHT,0.9135454576426005,-0.4067366430758001
10.0,10.0,63.0,85.0,85.0,22.026892645852666,90.2782978634543,94.63160018144406,118.35782999017064,101.00936138709248,90.2782978634543,32.360679774997905,15.397690432223667,11.22326237634361,10.030921984828256,10.514622242382671,13.150869998907844,11.223262376343612,10.030921984828256,10.514622242382671,13.150869998907844,9,RIGHT,0.8910065241883675,-0.45399049973954664
10.0,10.0,59.99999999999999,85.0,85.0,19.999999999999996,76.6129757554039,93.17485623690749,113.4425172609238,103.92304845413263,90.77660645221376,38.63703305156275,16.42679631704582,11.547005383792516,10.086289605801529,10.35276180410083,12.60472414010264,11.547005383792518,10.086289605801527,10.35276180410083,12.60472414010264,10,RIGHT,0.8660254037844383,-0.4999999999999998
10.0,10.0,57.0,85.0,85.0,18.36078458776663,54.8740426598704,92.01065353785265,109.20657690842823,107.31269635523527,91.5327239230139,48.09734344744133,17.655172821352764,11.923632928359476,10.170302658112655,10.223405948650292,12.134064100936468,11.923632928359478,10.170302658112655,10.223405948650292,12.134064100936467,11,RIGHT,0.8386705679454236,-0.5446390350150269
10.0,10.0,54.0,85.0,85.0,17.013016167040803,42.83657569731185,91.12186132092027,105.55449269526079,111.24611797498109,92.55736742986878,63.92453221499664,19.138808554309428,12.360679774997898,10.284151936652087,10.12465125788003,11.728276966140086,12.3606797749979,10.284151936652085,10.12465125788003,11.728276966140086,12,RIGHT,0.809016994374947,-0.5877852522924729
10.0,10.0,51.0,85.0,85.0,15.890157290657495,35.20936522082883,90.49574516071647,102.41038630595972,115.80836093038506,93.86540214712217,90.49574516071647,20.957385325084022,12.867595658931675,10.42948912745802,10.055082795635165,11.3789318117733,12.867595658931675,10.42948912745802,10.055082795635165,11.378931811773299,13,RIGHT,0.7771459614569705,-0.6293203910498372
10.0,10.0,48.0,85.0,85.0,14.944765498646088,29.95744312430927,90.12351113981286,99.71356896742198,121.10694566457386,95.47638296264974,90.12351113981286,23.22820497343175,13.456327296063764,10.60848699584997,10.01372345997921,11.07928544082466,13.456327296063764,10.60848699584997,10.01372345997921,11.079285440824659,14,RIGHT,0.7431448254773938,-0.6691306063588579
10.0,10.0,45.0,85.0,85.0,14.142135623730953,26.13125929752754,90.00000000000001,97.41529802631545,127.27922061357856,97.41529802631545,90.00000000000001,26.131259297527535,14.142135623730955,10.82392200292394,10.000000000000002,10.823922002923938,14.142135623730947,10.82392200292394,10.000000000000002,10.82392200292394,15,UP,0.7071067811865471,0.707106781186547
10.424264068711928,10.424264068711928,45.0,85.0,85.0,14.742135623730952,27.239914736541085,89.5757359312881,96.95607790747734,126.67922061357858,96.95607790747734,89.5757359312881,27.239914736541078,14.742135623730952,11.28314212176205,10.42426406871193,11.283142121762046,14.742135623730947,11.283142121762047,10.42426406871193,11.283142121762046,16,UP,0.7071067811865471,0.707106781186547
10.848528137423855,10.848528137423855,45.0,85.0,85.0,15.342135623730949,28.348570175554624,89.15147186257616,96.49685778863925,126.07922061357857,96.49685778863925,89.15147186257616,28.348570175554617,15.342135623730952,11.742362240600157,10.848528137423857,11.742362240600153,15.342135623730943,11.742362240600155,10.848528137423857,11.742362240600153,17,UP,0.7071067811865471,0.707106781186547
11.272792206135783,11.272792206135783,45.0,85.0,85.0,15.942135623730952,29.457225614568166,88.72720779386424,96.03763766980113,125.47922061357858,96.03763766980113,88.72720779386424,29.457225614568166,15.942135623730952,12.201582359438262,11.272792206135785,12.20158235943826,15.942135623730943,12.20158235943826,11.272792206135785,12.201582359438259,18,UP,0.7071067811865471,0.707106781186547
11.69705627484771,11.69705627484771,45.0,85.0,85.0,16.54213562373095,30.565881053581705,88.3029437251523,95.57841755096304,124.87922061357855,95.57841755096304,88.3029437251523,30.565881053581705,16.54213562373095,12.66080247827637,11.697056274847712,12.660802478276366,16.542135623730942,12.660802478276368,11.697056274847712,12.660802478276368,19,UP,0.7071067811865471,0.707106781186547
12.121320343559638,12.121320343559638,45.0,85.0,85.0,17.142135623730944,31.674536492595255,87.87867965644038,95.1191974321249,124.27922061357859,95.1191974321249,87.87867965644038,31.67453649259524,17.14213562373095,13.120022597114476,12.12132034355964,13.120022597114472,17.14213562373094,13.120022597114474,12.12132034355964,13.120022597114474,20,UP,0.7071067811865471,0.707106781186547
12.545584412271566,12.545584412271566,45.0,85.0,85.0,17.74213562373095,32.78319193160878,87.45441558772843,94.65997731328682,123.67922061357856,94.65997731328682,87.45441558772843,32.78319193160878,17.742135623730945,13.579242715952583,12.545584412271568,13.57924271595258,17.742135623730938,13.579242715952581,12.545584412271568,13.57924271595258,21,UP,0.7071067811865471,0.707106781186547
12.969848480983494,12.969848480983494,45.0,85.0,85.0,18.342135623730947,33.89184737062233,87.03015151901653,94.20075719444871,123.07922061357857,94.20075719444871,87.03015151901653,33.89184737062233,18.342135623730947,14.03846283479069,12.969848480983496,14.038462834790689,18.34213562373094,14.038462834790689,12.969848480983496,14.038462834790689,22,UP,0.7071067811865471,0.707106781186547
13.394112549695421,13.394112549695421,45.0,85.0,85.0,18.942135623730945,35.000502809635876,86.60588745030459,93.74153707561061,122.47922061357856,93.7415370756106,86.60588745030459,35.00050280963587,18.94213562373094,14.497682953628798,13.394112549695423,14.497682953628795,18.942135623730938,14.497682953628795,13.394112549695423,14.497682953628795,23,UP,0.7071067811865471,0.707106781186547
13.818376618407349,13.818376618407349,45.0,85.0,85.0,19.54213562373094,36.109158248649415,86.18162338159266,93.28231695677249,121.8792206135786,93.28231695677249,86.18162338159266,36.10915824864941,19.542135623730942,14.956903072466904,13.81837661840735,14.956903072466902,19.542135623730935,14.956903072466902,13.81837661840735,14.9569030724669,24,UP,0.7071067811865471,0.707106781186547
14.242640687119277,14.242640687119277,45.0,85.0,85.0,20.142135623730937,37.217813687662954,85.75735931288074,92.82309683793439,121.27922061357859,92.82309683793439,85.75735931288074,37.21781368766294,20.14213562373094,15.416123191305012,14.242640687119279,15.416123191305008,20.142135623730933,15.416123191305008,14.242640687119279,15.416123191305008,25,UP,0.7071067811865471,0.707106781186547
14.666904755831204,14.666904755831204,45.0,85.0,85.0,20.74213562373094,38.32646912667649,85.33309524416882,92.36387671909628,120.67922061357858,92.36387671909628,85.33309524416882,38.32646912667649,20.742135623730945,15.875343310143117,14.666904755831206,15.875343310143116,20.74213562373093,15.875343310143116,14.666904755831206,15.875343310143114,26,UP,0.7071067811865471,0.707106781186547
15.091168824543132,15.091168824543132,45.0,85.0,85.0,21.342135623730936,39.435124565690046,84.90883117545688,91.90465660025818,120.0792206135786,91.90465660025818,84.90883117545688,39.435124565690025,21.342135623730943,16.334563428981227,15.091168824543134,16.33456342898122,21.342135623730933,16.334563428981223,15.091168824543134,16.33456342898122,27,UP,0.7071067811865471,0.707106781186547
15.51543289325506,15.51543289325506,45.0,85.0,85.0,21.942135623730934,40.543780004703585,84.48456710674495,91.44543648142006,119.4792206135786,91.44543648142006,84.48456710674495,40.54378000470358,21.942135623730934,16.79378354781933,15.515432893255062,16.793783547819327,21.94213562373093,16.79378354781933,15.515432893255062,16.793783547819324,28,UP,0.7071067811865471,0.707106781186547
15.939696961966987,15.939696961966987,45.0,85.0,85.0,22.542135623730935,41.65243544371712,84.06030303803303,90.98621636258197,118.87922061357857,90.98621636258197,84.06030303803303,41.65243544371712,22.542135623730935,17.253003666657435,15.93969696196699,17.253003666657435,22.542135623730932,17.253003666657435,15.93969696196699,17.253003666657435,29,UP,0.7071067811865471,0.707106781186547
16.363961030678915,16.363961030678915,45.0,85.0,85.0,23.14213562373094,42.76109088273068,83.6360389693211,90.52699624374385,118.27922061357857,90.52699624374385,83.6360389693211,42.76109088273066,23.14213562373094,17.712223785495546,16.363961030678915,17.712223785495542,23.14213562373093,17.712223785495542,16.363961030678915,17.71222378549554,30,UP,0.7071067811865471,0.707106781186547
16.788225099390843,16.788225099390843,45.0,85.0,85.0,23.742135623730935,43.8697463217442,83.21177490060917,90.06777612490575,117.6792206135786,90.06777612490575,83.21177490060917,43.8697463217442,23.742135623730935,18.17144390433365,16.788225099390843,18.17144390433365,23.742135623730928,18.17144390433365,16.788225099390843,18.17144390433365,31,UP,0.7071067811865471,0.707106781186547
17.21248916810277,17.21248916810277,45.0,85.0,85.0,24.342135623730925,44.97840176075774,82.78751083189724,89.60855600606763,117.0792206135786,89.60855600606763,82.78751083189724,44.97840176075774,24.342135623730936,18.630664023171757,17.21248916810277,18.630664023171754,24.342135623730925,18.630664023171754,17.21248916810277,18.630664023171754,32,UP,0.7071067811865471,0.707106781186547
17.636753236814698,17.636753236814698,45.0,85.0,85.0,24.94213562373093,46.087057199771294,82.36324676318532,89.14933588722954,116.4792206135786,89.14933588722954,82.36324676318532,46.087057199771294,24.942135623730934,19.089884142009865,17.636753236814698,19.08988414200986,24.942135623730923,19.08988414200986,17.636753236814698,19.08988414200986,33,UP,0.7071067811865471,0.707106781186547
18.061017305526626,18.061017305526626,45.0,85.0,85.0,25.542135623730935,47.195712638784826,81.9389826944734,88.69011576839142,115.87922061357858,88.69011576839142,81.9389826944734,47.195712638784826,25.542135623730935,19.549104260847972,18.061017305526626,19.54910426084797,25.542135623730925,19.54910426084797,18.061017305526626,19.54910426084797,34,UP,0.7071067811865471,0.707106781186547
18.485281374238554,18.485281374238554,45.0,85.0,85.0,26.14213562373093,48.30436807779838,81.51471862576146,88.23089564955332,115.2792206135786,88.23089564955332,81.51471862576146,48.30436807779838,26.14213562373093,20.008324379686076,18.485281374238554,20.008324379686076,26.142135623730923,20.008324379686076,18.485281374238554,20.008324379686076,35,UP,0.7071067811865471,0.707106781186547
18.90954544295048,18.90954544295048,45.0,85.0,85.0,26.742135623730924,49.41302351681191,81.09045455704953,87.77167553071521,114.67922061357861,87.77167553071521,81.09045455704953,49.41302351681191,26.742135623730924,20.467544498524187,18.90954544295048,20.46754449852418,26.74213562373092,20.467544498524184,18.90954544295048,20.467544498524184,36,UP,0.7071067811865471,0.707106781186547
19.33380951166241,19.33380951166241,45.0,85.0,85.0,27.34213562373093,50.52167895582546,80.6661904883376,87.31245541187711,114.07922061357858,87.31245541187711,80.6661904883376,50.52167895582546,27.34213562373093,20.926764617362295,19.33380951166241,20.926764617362288,27.34213562373092,20.92676461736229,19.33380951166241,20.926764617362288,37,UP,0.7071067811865471,0.707106781186547
19.758073580374337,19.758073580374337,45.0,85.0,85.0,27.942135623730927,51.63033439483899,80.24192641962568,86.853235293039,113.47922061357859,86.853235293039,80.24192641962568,51.63033439483899,27.942135623730934,21.3859847362004,19.758073580374337,21.385984736200395,27.942135623730916,21.385984736200395,19.758073580374337,21.3859847362004,38,UP,0.7071067811865471,0.707106781186547
20.182337649086264,20.182337649086264,45.0,85.0,85.0,28.54213562373092,52.73898983385254,79.81766235091375,86.3940151742009,112.87922061357861,86.3940151742009,79.81766235091375,52.73898983385254,28.54213562373093,21.845204855038507,20.182337649086264,21.845204855038503,28.542135623730914,21.845204855038503,20.182337649086264,21.845204855038503,39,UP,0.7071067811865471,0.707106781186547
20.606601717798192,20.606601717798192,45.0,85.0,85.0,29.142135623730915,53.847645272866075,79.39339828220182,85.93479505536278,112.27922061357862,85.93479505536278,79.39339828220182,53.847645272866075,29.142135623730915,22.304424973876614,20.606601717798192,22.304424973876607,29.142135623730915,22.304424973876607,20.606601717798192,22.304424973876607,40,UP,0.7071067811865471,0.707106781186547
21.03086578651012,21.03086578651012,45.0,85.0,85.0,29.742135623730924,54.956300711879635,78.9691342134899,85.47557493652468,111.67922061357861,85.47557493652468,78.9691342134899,54.956300711879635,29.742135623730924,22.76364509271472,21.03086578651012,22.763645092714714,29.742135623730917,22.763645092714718,21.03086578651012,22.763645092714714,41,UP,0.7071067811865471,0.707106781186547
21.455129855222047,21.455129855222047,45.0,85.0,85.0,30.34213562373092,56.06495615089317,78.54487014477797,85.01635481768658,111.0792206135786,85.01635481768658,78.54487014477797,56.06495615089317,30.342135623730922,23.222865211552826,21.455129855222047,23.222865211552822,30.342135623730915,23.222865211552822,21.455129855222047,23.222865211552822,42,UP,0.7071067811865471,0.707106781186547
21.879393923933975,21.879393923933975,45.0,85.0,85.0,30.94213562373092,57.17361158990673,78.12060607606604,84.55713469884847,110.4792206135786,84.55713469884847,78.12060607606604,57.17361158990673,30.942135623730923,23.682085330390933,21.879393923933975,23.682085330390926,30.942135623730913,23.68208533039093,21.879393923933975,23.682085330390926,43,UP,0.7071067811865471,0.707106781186547
22.303657992645903,22.303657992645903,45.0,85.0,85.0,31.54213562373091,58.282267028920245,77.6963420073541,84.09791458001035,109.87922061357862,84.09791458001035,77.6963420073541,58.282267028920245,31.542135623730918,24.14130544922904,22.303657992645903,24.141305449229037,31.54213562373091,24.141305449229037,22.303657992645903,24.141305449229037,44,UP,0.7071067811865471,0.707106781186547
22.72792206135783,22.72792206135783,45.0,85.0,85.0,32.14213562373092,59.390922467933784,77.27207793864218,83.63869446117225,109.27922061357859,83.63869446117225,77.27207793864218,59.390922467933784,32.14213562373092,24.600525568067145,22.72792206135783,24.600525568067145,32.14213562373091,24.600525568067145,22.72792206135783,24.600525568067145,45,UP,0.7071067811865471,0.707106781186547
23.152186130069758,23.152186130069758,45.0,85.0,85.0,32.74213562373092,60.49957790694733,76.84781386993026,83.17947434233413,108.67922061357861,83.17947434233413,76.84781386993026,60.49957790694733,32.74213562373092,25.059745686905252,23.152186130069758,25.05974568690525,32.7421356237309,25.059745686905252,23.152186130069758,25.05974568690525,46,UP,0.7071067811865471,0.707106781186547
23.576450198781686,23.576450198781686,45.0,85.0,85.0,33.34213562373091,61.60823334596089,76.42354980121833,82.72025422349604,108.07922061357861,82.72025422349604,76.42354980121833,61.60823334596089,33.342135623730925,25.51896580574336,23.576450198781686,25.518965805743356,33.342135623730904,25.518965805743356,23.576450198781686,25.518965805743356,47,UP,0.7071067811865471,0.707106781186547
24.000714267493613,24.000714267493613,45.0,85.0,85.0,33.94213562373091,62.716888784974415,75.9992857325064,82.26103410465792,107.47922061357862,82.26103410465792,75.9992857325064,62.716888784974415,33.94213562373091,25.978185924581467,24.000714267493613,25.978185924581464,33.942135623730906,25.978185924581464,24.000714267493613,25.97818592458146,48,UP,0.7071067811865471,0.707106781186547
24.42497833620554,24.42497833620554,45.0,85.0,85.0,34.54213562373091,63.825544223987976,75.57502166379447,81.80181398581983,106.87922061357861,81.80181398581983,75.57502166379447,63.825544223987976,34.54213562373092,26.43740604341958,24.42497833620554,26.43740604341957,34.54213562373091,26.43740604341957,24.42497833620554,26.437406043419575,49,UP,0.7071067811865471,0.707106781186547
24.84924240491747,24.84924240491747,45.0,85.0,85.0,35.14213562373091,64.93419966300148,75.15075759508255,81.34259386698172,106.2792206135786,81.34259386698172,75.15075759508255,64.93419966300148,35.14213562373091,26.896626162257682,24.84924240491747,26.89662616225768,35.1421356237309,26.89662616225768,24.84924240491747,26.896626162257675,50,UP,0.7071067811865471,0.707106781186547
25.273506473629396,25.273506473629396,45.0,85.0,85.0,35.74213562373091,66.04285510201504,74.72649352637062,80.88337374814361,105.67922061357862,80.88337374814361,74.72649352637062,66.04285510201504,35.74213562373092,27.355846281095786,25.273506473629396,27.355846281095783,35.742135623730896,27.355846281095783,25.273506473629396,27.355846281095783,51,UP,0.7071067811865471,0.707106781186547
25.697770542341324,25.697770542341324,45.0,85.0,85.0,36.342135623730904,67.1515105410286,74.30222945765868,80.4241536293055,105.07922061357863,80.4241536293055,74.30222945765868,67.1515105410286,36.342135623730904,27.815066399933897,25.697770542341324,27.81506639993389,36.3421356237309,27.81506639993389,25.697770542341324,27.81506639993389,52,UP,0.7071067811865471,0.707106781186547
26.12203461105325,26.12203461105325,45.0,85.0,85.0,36.942135623730906,68.26016598004212,73.87796538894676,79.9649335104674,104.4792206135786,79.9649335104674,73.87796538894676,68.26016598004212,36.942135623730906,28.274286518772,26.12203461105325,28.274286518771998,36.9421356237309,28.274286518771998,26.12203461105325,28.274286518771998,53,UP,0.7071067811865471,0.707106781186547
26.54629867976518,26.54629867976518,45.0,85.0,85.0,37.54213562373091,69.36882141905566,73.45370132023484,79.50571339162929,103.87922061357861,79.50571339162929,73.45370132023484,69.36882141905566,37.542135623730914,28.73350663761011,26.54629867976518,28.733506637610105,37.54213562373089,28.733506637610105,26.54629867976518,28.733506637610102,54,UP,0.7071067811865471,0.707106781186547
26.970562748477107,26.970562748477107,45.0,85.0,85.0,38.14213562373091,70.47747685806922,73.0294372515229,79.04649327279118,103.27922061357863,79.04649327279118,73.0294372515229,70.47747685806922,38.142135623730915,29.192726756448216,26.970562748477107,29.192726756448206,38.142135623730894,29.19272675644821,26.970562748477107,29.192726756448206,55,UP,0.7071067811865471,0.707106781186547
27.394826817189035,27.394826817189035,45.0,85.0,85.0,38.742135623730896,71.58613229708274,72.60517318281097,78.58727315395308,102.67922061357864,78.58727315395308,72.60517318281097,71.58613229708274,38.7421356237309,29.651946875286324,27.394826817189035,29.651946875286317,38.742135623730896,29.651946875286317,27.394826817189035,29.651946875286317,56,UP,0.7071067811865471,0.707106781186547
27.819090885900962,27.819090885900962,45.0,85.0,85.0,39.3421356237309,72.6947877360963,72.18090911409905,78.12805303511497,102.07922061357863,78.12805303511497,72.18090911409905,72.6947877360963,39.342135623730904,30.111166994124428,27.819090885900962,30.111166994124424,39.34213562373089,30.111166994124424,27.819090885900962,30.111166994124424,57,UP,0.7071067811865471,0.707106781186547
28.24335495461289,28.24335495461289,45.0,85.0,85.0,39.94213562373091,73.80344317510983,71.75664504538713,77.66883291627686,101.47922061357862,77.66883291627686,71.75664504538713,73.80344317510983,39.94213562373091,30.57038711296254,28.24335495461289,30.57038711296253,39.94213562373089,30.570387112962532,28.24335495461289,30.57038711296253,58,UP,0.7071067811865471,0.707106781186547
28.667619023324818,28.667619023324818,45.0,85.0,85.0,40.5421356237309,74.91209861412338,71.3323809766752,77.20961279743877,100.87922061357862,77.20961279743877,71.3323809766752,74.91209861412338,40.54213562373091,31.029607231800643,28.667619023324818,31.029607231800636,40.54213562373089,31.029607231800636,28.667619023324818,31.029607231800632,59,UP,0.7071067811865471,0.707106781186547
29.091883092036745,29.091883092036745,45.0,85.0,85.0,41.142135623730894,76.02075405313693,70.90811690796326,76.75039267860065,100.27922061357864,76.75039267860065,70.90811690796326,76.02075405313693,41.142135623730894,31.48882735063875,29.091883092036745,31.488827350638743,41.14213562373089,31.488827350638747,29.091883092036745,31.488827350638743,60,UP,0.7071067811865471,0.707106781186547
29.516147160748673,29.516147160748673,45.0,85.0,85.0,41.742135623730896,76.29117255976256,70.48385283925134,76.29117255976256,99.67922061357861,76.29117255976256,70.48385283925134,76.29117255976256,41.742135623730896,31.948047469476858,29.516147160748673,31.94804746947685,41.74213562373089,31.94804746947685,29.516147160748673,31.948047469476847,61,UP,0.7071067811865471,0.707106781186547
29.9404112294606,29.9404112294606,45.0,85.0,85.0,42.342135623730904,75.83195244092443,70.05958877053942,75.83195244092443,99.07922061357863,75.83195244092443,70.05958877053942,75.83195244092443,42.34213562373091,32.407267588314966,29.9404112294606,32.40726758831495,42.34213562373088,32.40726758831496,29.9404112294606,32.40726758831495,62,UP,0.7071067811865471,0.707106781186547
30.36467529817253,30.36467529817253,45.0,85.0,85.0,42.9421356237309,75.37273232208634,69.63532470182749,75.37273232208634,98.47922061357863,75.37273232208634,69.63532470182749,75.37273232208634,42.9421356237309,32.86648770715307,30.36467529817253,32.86648770715306,42.942135623730884,32.86648770715307,30.36467529817253,32.866487707153055,63,UP,0.7071067811865471,0.707106781186547
30.788939366884456,30.788939366884456,45.0,85.0,85.0,43.542135623730886,74.91351220324822,69.21106063311555,74.91351220324822,97.87922061357864,74.91351220324822,69.21106063311555,74.91351220324822,43.542135623730886,33.325707825991174,30.788939366884456,33.325707825991174,43.542135623730886,33.325707825991174,30.788939366884456,33.325707825991174,64,UP,0.7071067811865471,0.707106781186547
31.213203435596384,31.213203435596384,45.0,85.0,85.0,44.14213562373089,74.4542920844101,68.78679656440363,74.4542920844101,97.27922061357863,74.4542920844101,68.78679656440363,74.4542920844101,44.1421356237309,33.784927944829285,31.213203435596384,33.78492794482928,44.14213562373088,33.78492794482928,31.213203435596384,33.78492794482928,65,UP,0.7071067811865471,0.707106781186547
31.63746750430831,31.63746750430831,45.0,85.0,85.0,44.742135623730896,73.99507196557201,68.36253249569171,73.99507196557201,96.67922061357862,73.99507196557201,68.36253249569171,73.99507196557201,44.742135623730896,34.244148063667396,31.63746750430831,34.24414806366738,44.74213562373088,34.24414806366738,31.63746750430831,34.24414806366738,66,UP,0.7071067811865471,0.707106781186547
32.06173157302024,32.06173157302024,45.0,85.0,85.0,45.34213562373089,73.5358518467339,67.93826842697977,73.5358518467339,96.07922061357863,73.5358518467339,67.93826842697977,73.5358518467339,45.3421356237309,34.7033681825055,32.06173157302024,34.70336818250549,45.342135623730876,34.70336818250549,32.06173157302024,34.70336818250549,67,UP,0.7071067811865471,0.707106781186547
32.48599564173217,32.48599564173217,45.0,85.0,85.0,45.94213562373089,73.07663172789579,67.51400435826784,73.07663172789579,95.47922061357865,73.07663172789579,67.51400435826784,73.07663172789579,45.94213562373089,35.16258830134361,32.48599564173217,35.1625883013436,45.94213562373088,35.1625883013436,32.48599564173217,35.1625883013436,68,UP,0.7071067811865471,0.707106781186547
32.910259710444095,32.910259710444095,45.0,85.0,85.0,46.542135623730886,72.61741160905768,67.08974028955592,72.61741160905768,94.87922061357862,72.61741160905768,67.08974028955592,72.61741160905768,46.542135623730886,35.621808420181715,32.910259710444095,35.62180842018171,46.54213562373088,35.62180842018171,32.910259710444095,35.62180842018171,69,UP,0.7071067811865471,0.707106781186547
33.33452377915602,33.33452377915602,45.0,85.0,85.0,47.14213562373089,72.15819149021958,66.665476220844,72.15819149021958,94.27922061357863,72.15819149021958,66.665476220844,72.15819149021958,47.142135623730894,36.08102853901981,33.33452377915602,36.08102853901981,47.14213562373088,36.08102853901981,33.33452377915602,36.08102853901981,70,UP,0.7071067811865471,0.707106781186547
33.75878784786795,33.75878784786795,45.0,85.0,85.0,47.74213562373088,71.69897137138148,66.24121215213206,71.69897137138148,93.67922061357864,71.69897137138148,66.24121215213206,71.69897137138148,47.742135623730896,36.54024865785793,33.75878784786795,36.54024865785792,47.742135623730874,36.54024865785792,33.75878784786795,36.540248657857916,71,UP,0.7071067811865471,0.707106781186547
34.18305191657988,34.18305191657988,45.0,85.0,85.0,48.342135623730876,71.23975125254336,65.81694808342013,71.23975125254336,93.07922061357866,71.23975125254336,65.81694808342013,71.23975125254336,48.34213562373088,36.999468776696034,34.18305191657988,36.99946877669603,48.342135623730876,36.99946877669603,34.18305191657988,36.99946877669603,72,UP,0.7071067811865471,0.707106781186547
34.607315985291805,34.607315985291805,45.0,85.0,85.0,48.942135623730884,70.78053113370525,65.39268401470821,70.78053113370525,92.47922061357865,70.78053113370525,65.39268401470821,70.78053113370525,48.94213562373089,37.45868889553414,34.607315985291805,37.458688895534124,48.94213562373087,37.45868889553413,34.607315985291805,37.458688895534124,73,UP,0.7071067811865471,0.707106781186547
35.03158005400373,35.03158005400373,45.0,85.0,85.0,49.542135623730886,70.32131101486715,64.96841994599629,70.32131101486715,91.87922061357862,70.32131101486715,64.96841994599629,70.32131101486715,49.542135623730886,37.91790901437224,35.03158005400373,37.917909014372235,49.54213562373087,37.917909014372235,35.03158005400373,37.91790901437223,74,UP,0.7071067811865471,0.707106781186547
35.45584412271566,35.45584412271566,45.0,85.0,85.0,50.14213562373089,69.86209089602904,64.54415587728435,69.86209089602904,91.27922061357864,69.86209089602904,64.54415587728435,69.86209089602904,50.14213562373089,38.377129133210346,35.45584412271566,38.37712913321034,50.142135623730866,38.377129133210346,35.45584412271566,38.37712913321034,75,UP,0.7071067811865471,0.707106781186547
35.88010819142759,35.88010819142759,45.0,85.0,85.0,50.74213562373088,69.40287077719094,64.11989180857242,69.40287077719094,90.67922061357865,69.40287077719094,64.11989180857242,69.40287077719094,50.74213562373088,38.83634925204846,35.88010819142759,38.83634925204844,50.74213562373086,38.83634925204845,35.88010819142759,38.83634925204844,76,UP,0.7071067811865471,0.707106781186547
36.304372260139516,36.304372260139516,45.0,85.0,85.0,51.34213562373089,68.94365065835284,63.6956277398605,68.94365065835284,90.07922061357863,68.94365065835284,63.6956277398605,68.94365065835284,51.34213562373089,39.29556937088656,36.304372260139516,39.295569370886554,51.34213562373087,39.295569370886554,36.304372260139516,39.295569370886554,77,UP,0.7071067811865471,0.707106781186547
36.728636328851444,36.728636328851444,45.0,85.0,85.0,51.942135623730884,68.48443053951472,63.27136367114857,68.48443053951472,89.47922061357863,68.48443053951472,63.27136367114857,68.48443053951472,51.942135623730884,39.754789489724665,36.728636328851444,39.75478948972466,51.94213562373086,39.754789489724665,36.728636328851444,39.75478948972466,78,UP,0.7071067811865471,0.707106781186547
37.15290039756337,37.15290039756337,45.0,85.0,85.0,52.542135623730864,68.02521042067661,62.84709960243664,68.02521042067661,88.87922061357865,68.02521042067661,62.84709960243664,68.02521042067661,52.542135623730886,40.214009608562776,37.15290039756337,40.21400960856277,52.542135623730864,40.214009608562776,37.15290039756337,40.21400960856277,79,UP,0.7071067811865471,0.707106781186547
37.5771644662753,37.5771644662753,45.0,85.0,85.0,53.14213562373087,67.56599030183851,62.422835533724715,67.56599030183851,88.27922061357866,67.56599030183851,62.422835533724715,67.56599030183851,53.14213562373087,40.67322972740088,37.5771644662753,40.67322972740087,53.142135623730866,40.67322972740087,37.5771644662753,40.67322972740087,80,UP,0.7071067811865471,0.707106781186547
38.00142853498723,38.00142853498723,45.0,85.0,85.0,53.74213562373086,67.1067701830004,61.99857146501279,67.1067701830004,87.67922061357865,67.1067701830004,61.99857146501279,67.1067701830004,53.742135623730896,41.13244984623899,38.00142853498723,41.132449846238984,53.74213562373086,41.132449846238984,38.00142853498723,41.132449846238984,81,UP,0.7071067811865471,0.707106781186547
38.425692603699154,38.425692603699154,45.0,85.0,85.0,54.34213562373087,66.6475500641623,61.57430739630086,66.64755006416229,87.07922061357864,66.64755006416229,61.57430739630086,66.6475500641623,54.34213562373089,41.591669965077095,38.425692603699154,41.59166996507709,54.34213562373086,41.59166996507709,38.425692603699154,41.59166996507709,82,UP,0.7071067811865471,0.707106781186547
38.84995667241108,38.84995667241108,45.0,85.0,85.0,54.94213562373087,66.1883299453242,61.15004332758893,66.1883299453242,86.47922061357866,66.1883299453242,61.15004332758893,66.1883299453242,54.94213562373088,42.0508900839152,38.84995667241108,42.05089008391519,54.942135623730856,42.05089008391519,38.84995667241108,42.05089008391519,83,UP,0.7071067811865471,0.707106781186547
39.27422074112301,39.27422074112301,45.0,85.0,85.0,55.54213562373086,65.72910982648608,60.725779258877004,65.72910982648608,85.87922061357865,65.72910982648608,60.725779258877004,65.72910982648608,55.542135623730864,42.51011020275332,39.27422074112301,42.5101102027533,55.54213562373086,42.5101102027533,39.27422074112301,42.5101102027533,84,UP,0.7071067811865471,0.707106781186547
39.69848480983494,39.69848480983494,45.0,85.0,85.0,56.142135623730866,65.26988970764798,60.30151519016508,65.26988970764799,85.27922061357863,65.26988970764799,60.30151519016508,65.26988970764798,56.142135623730866,42.96933032159142,39.69848480983494,42.96933032159141,56.14213562373086,42.969330321591414,39.69848480983494,42.969330321591414,85,UP,0.7071067811865471,0.707106781186547
40.122748878546865,40.122748878546865,45.0,85.0,85.0,56.74213562373087,64.81066958880987,59.87725112145315,64.81066958880987,84.67922061357864,64.81066958880987,59.87725112145315,64.81066958880987,56.74213562373087,43.428550440429525,40.122748878546865,43.42855044042951,56.742135623730846,43.42855044042952,40.122748878546865,43.42855044042951,86,UP,0.7071067811865471,0.707106781186547
40.54701294725879,40.54701294725879,45.0,85.0,85.0,57.34213562373086,64.35144946997175,59.45298705274122,64.35144946997177,84.07922061357866,64.35144946997177,59.45298705274122,64.35144946997175,57.34213562373086,43.887770559267636,40.54701294725879,43.88777055926762,57.34213562373085,43.88777055926762,40.54701294725879,43.88777055926762,87,UP,0.7071067811865471,0.707106781186547
40.97127701597072,40.97127701597072,45.0,85.0,85.0,57.942135623730856,63.89222935113366,59.028722984029294,63.89222935113366,83.47922061357866,63.89222935113366,59.028722984029294,63.89222935113366,57.942135623730856,44.34699067810574,40.97127701597072,44.346990678105726,57.94213562373085,44.346990678105726,40.97127701597072,44.346990678105726,88,UP,0.7071067811865471,0.707106781186547
41.39554108468265,41.39554108468265,45.0,85.0,85.0,58.54213562373087,63.43300923229555,58.604458915317366,63.433009232295554,82.87922061357867,63.433009232295554,58.604458915317366,63.43300923229555,58.54213562373087,44.80621079694385,41.39554108468265,44.80621079694384,58.54213562373085,44.80621079694384,41.39554108468265,44.80621079694384,89,UP,0.7071067811865471,0.707106781186547
41.819805153394576,41.819805153394576,45.0,85.0,85.0,59.14213562373087,62.97378911345744,58.18019484660544,62.97378911345744,82.27922061357864,62.97378911345744,58.18019484660544,62.97378911345744,59.14213562373087,45.265430915781955,41.819805153394576,45.26543091578194,59.14213562373086,45.26543091578194,41.819805153394576,45.26543091578194,90,UP,0.7071067811865471,0.707106781186547
42.2440692221065,42.2440692221065,45.0,85.0,85.0,59.74213562373086,62.51456899461934,57.75593077789351,62.51456899461933,81.67922061357866,62.51456899461933,57.75593077789351,62.51456899461934,59.742135623730874,45.72465103462006,42.2440692221065,45.72465103462005,59.742135623730846,45.72465103462005,42.2440692221065,45.724651034620045,91,UP,0.7071067811865471,0.707106781186547
42.66833329081843,42.66833329081843,45.0,85.0,85.0,60.34213562373086,62.05534887578123,57.33166670918158,62.05534887578123,81.07922061357867,62.05534887578123,57.33166670918158,62.05534887578123,60.34213562373086,46.18387115345816,42.66833329081843,46.183871153458156,60.34213562373085,46.183871153458156,42.66833329081843,46.183871153458156,92,UP,0.7071067811865471,0.707106781186547
43.09259735953036,43.09259735953036,45.0,85.0,85.0,60.94213562373087,61.59612875694312,56.907402640469655,61.59612875694312,80.47922061357865,61.59612875694312,56.907402640469655,61.59612875694312,60.94213562373087,46.643091272296274,43.09259735953036,46.64309127229626,60.94213562373084,46.64309127229627,43.09259735953036,46.64309127229626,93,UP,0.7071067811865471,0.707106781186547
43.51686142824229,43.51686142824229,45.0,85.0,85.0,61.54213562373086,61.13690863810501,56.48313857175773,61.13690863810501,79.87922061357865,61.13690863810501,56.48313857175773,61.13690863810501,61.54213562373088,47.10231139113437,43.51686142824229,47.102311391134364,61.54213562373085,47.10231139113437,43.51686142824229,47.102311391134364,94,UP,0.7071067811865471,0.707106781186547
43.941125496954214,43.941125496954214,45.0,85.0,85.0,62.142135623730866,60.67768851926691,56.0588745030458,60.6776885192669,79.27922061357867,60.6776885192669,56.0588745030458,60.67768851926691,62.14213562373087,47.56153150997248,43.941125496954214,47.561531509972475,62.14213562373084,47.561531509972475,43.941125496954214,47.561531509972475,95,UP,0.7071067811865471,0.707106781186547
44.36538956566614,44.36538956566614,45.0,85.0,85.0,62.742135623730846,60.2184684004288,55.63461043433387,60.2184684004288,78.67922061357866,60.2184684004288,55.63461043433387,60.2184684004288,62.74213562373085,48.02075162881059,44.36538956566614,48.02075162881058,62.742135623730846,48.02075162881059,44.36538956566614,48.02075162881058,96,UP,0.7071067811865471,0.707106781186547
44.78965363437807,44.78965363437807,45.0,85.0,85.0,63.34213562373087,59.759248281590686,55.210346365621945,59.7592482815907,78.07922061357867,59.7592482815907,55.210346365621945,59.759248281590686,63.34213562373087,48.479971747648705,44.78965363437807,48.47997174764869,63.34213562373084,48.47997174764869,44.78965363437807,48.47997174764869,97,UP,0.7071067811865471,0.707106781186547
45.21391770309,45.21391770309,45.0,85.0,85.0,63.94213562373086,59.30002816275259,54.78608229691002,59.30002816275259,77.47922061357865,59.30002816275259,54.78608229691002,59.30002816275259,63.94213562373086,48.93919186648681,45.21391770309,48.9391918664868,63.94213562373084,48.9391918664868,45.21391770309,48.93919186648679,98,UP,0.7071067811865471,0.707106781186547
45.638181771801925,45.638181771801925,45.0,85.0,85.0,64.54213562373084,58.84080804391448,54.36181822819809,58.840808043914485,76.87922061357868,58.840808043914485,54.36181822819809,58.84080804391448,64.54213562373087,49.39841198532491,45.638181771801925,49.398411985324906,64.54213562373084,49.398411985324906,45.638181771801925,49.398411985324906,99,UP,0.7071067811865471,0.707106781186547
46.06244584051385,46.06244584051385,45.0,85.0,85.0,65.14213562373085,58.381587925076374,53.93755415948616,58.38158792507638,76.27922061357867,58.38158792507638,53.93755415948616,58.381587925076374,65.14213562373085,49.857632104163024,46.06244584051385,49.85763210416301,65.14213562373084,49.85763210416301,46.06244584051385,49.85763210416301,100,UP,0.7071067811865471,0.707106781186547
46.48670990922578,46.48670990922578,45.0,85.0,85.0,65.74213562373086,57.92236780623827,53.513290090774234,57.92236780623827,75.67922061357866,57.92236780623827,53.513290090774234,57.92236780623827,65.74213562373086,50.31685222300113,46.48670990922578,50.31685222300112,65.74213562373083,50.31685222300112,46.48670990922578,50.31685222300112,101,UP,0.7071067811865471,0.707106781186547
46.91097397793771,46.91097397793771,45.0,85.0,85.0,66.34213562373085,57.46314768740016,53.089026022062306,57.46314768740016,75.07922061357866,57.46314768740016,53.089026022062306,57.46314768740016,66.34213562373087,50.77607234183923,46.91097397793771,50.776072341839225,66.34213562373083,50.776072341839225,46.91097397793771,50.77607234183922,102,UP,0.7071067811865471,0.707106781186547
47.335238046649636,47.335238046649636,45.0,85.0,85.0,66.94213562373085,57.003927568562055,52.66476195335038,57.003927568562055,74.47922061357868,57.003927568562055,52.66476195335038,57.003927568562055,66.94213562373086,51.23529246067734,47.335238046649636,51.23529246067733,66.94213562373083,51.23529246067733,47.335238046649636,51.23529246067733,103,UP,0.7071067811865471,0.707106781186547
47.75950211536156,47.75950211536156,45.0,85.0,85.0,67.54213562373083,56.544707449723944,52.24049788463845,56.544707449723944,73.87922061357868,56.544707449723944,52.24049788463845,56.544707449723944,67.54213562373084,51.694512579515454,47.75950211536156,51.69451257951543,67.54213562373083,51.69451257951544,47.75950211536156,51.69451257951543,104,UP,0.7071067811865471,0.707106781186547
48.18376618407349,48.18376618407349,45.0,85.0,85.0,68.14213562373084,56.08548733088584,51.81623381592652,56.08548733088584,73.27922061357869,56.08548733088584,51.81623381592652,56.08548733088584,68.14213562373087,52.15373269835355,48.18376618407349,52.15373269835354,68.14213562373082,52.153732698353544,48.18376618407349,52.153732698353544,105,UP,0.7071067811865471,0.707106781186547
48.60803025278542,48.60803025278542,45.0,85.0,85.0,68.74213562373085,55.62626721204773,51.391969747214596,55.626267212047736,72.67922061357866,55.626267212047736,51.391969747214596,55.62626721204773,68.74213562373086,52.61295281719166,48.60803025278542,52.61295281719165,68.74213562373083,52.61295281719165,48.60803025278542,52.61295281719164,106,UP,0.7071067811865471,0.707106781186547
49.032294321497346,49.032294321497346,45.0,85.0,85.0,69.34213562373084,55.167047093209625,50.96770567850267,55.167047093209625,72.07922061357868,55.167047093209625,50.96770567850267,55.167047093209625,69.34213562373085,53.072172936029766,49.032294321497346,53.07217293602976,69.34213562373083,53.07217293602976,49.032294321497346,53.07217293602976,107,UP,0.7071067811865471,0.707106781186547
49.456558390209274,49.456558390209274,45.0,85.0,85.0,69.94213562373082,54.707826974371514,50.54344160979074,54.70782697437152,71.47922061357869,54.70782697437152,50.54344160979074,54.707826974371514,69.94213562373083,53.53139305486788,49.456558390209274,53.531393054867856,69.94213562373082,53.53139305486786,49.456558390209274,53.53139305486786,108,UP,0.7071067811865471,0.707106781186547
49.8808224589212,49.8808224589212,45.0,85.0,85.0,70.54213562373084,54.24860685553341,50.11917754107881,54.24860685553342,70.87922061357867,54.24860685553342,50.11917754107881,54.24860685553341,70.54213562373084,53.99061317370598,49.8808224589212,53.990613173705974,70.54213562373083,53.990613173705974,49.8808224589212,53.990613173705974,109,UP,0.7071067811865471,0.707106781186547
50.30508652763313,50.30508652763313,45.0,85.0,85.0,70.27922061357867,53.789386736695306,49.694913472366885,53.789386736695306,70.27922061357867,53.789386736695306,49.694913472366885,53.789386736695306,70.27922061357867,54.44983329254409,50.30508652763313,54.44983329254408,71.14213562373082,54.44983329254408,50.30508652763313,54.44983329254407,110,UP,0.7071067811865471,0.707106781186547
50.72935059634506,50.72935059634506,45.0,85.0,85.0,69.67922061357869,53.3301666178572,49.27064940365496,53.3301666178572,69.67922061357869,53.3301666178572,49.27064940365496,53.3301666178572,69.67922061357866,54.90905341138219,50.72935059634506,54.90905341138218,71.74213562373082,54.90905341138218,50.72935059634506,54.90905341138219,111,UP,0.7071067811865471,0.707106781186547
51.153614665056985,51.153614665056985,45.0,85.0,85.0,69.07922061357868,52.870946499019084,48.84638533494303,52.87094649901909,69.0792206135787,52.87094649901909,48.84638533494303,52.870946499019084,69.07922061357867,55.36827353022031,51.153614665056985,55.368273530220286,72.34213562373083,55.368273530220286,51.153614665056985,55.368273530220286,112,UP,0.7071067811865471,0.707106781186547
51.57787873376891,51.57787873376891,45.0,85.0,85.0,68.47922061357869,52.41172638018099,48.4221212662311,52.41172638018099,68.47922061357869,52.41172638018099,48.4221212662311,52.41172638018099,68.47922061357866,55.82749364905841,51.57787873376891,55.8274936490584,72.94213562373082,55.8274936490584,51.57787873376891,55.827493649058404,113,UP,0.7071067811865471,0.707106781186547
52.00214280248084,52.00214280248084,45.0,85.0,85.0,67.87922061357867,51.95250626134288,47.997857197519174,51.952506261342876,67.87922061357867,51.952506261342876,47.997857197519174,51.95250626134288,67.87922061357867,56.286713767896515,52.00214280248084,56.2867137678965,73.54213562373081,56.28671376789651,52.00214280248084,56.2867137678965,114,UP,0.7071067811865471,0.707106781186547
52.42640687119277,52.42640687119277,45.0,85.0,85.0,67.27922061357869,51.49328614250477,47.573593128807246,51.49328614250477,67.27922061357869,51.49328614250477,47.573593128807246,51.49328614250477,67.27922061357867,56.74593388673462,52.42640687119277,56.74593388673461,74.14213562373081,56.74593388673461,52.42640687119277,56.745933886734605,115,UP,0.7071067811865471,0.707106781186547
52.850670939904695,52.850670939904695,45.0,85.0,85.0,66.67922061357869,51.03406602366667,47.14932906009532,51.03406602366666,66.67922061357869,51.03406602366666,47.14932906009532,51.03406602366667,66.67922061357868,57.20515400557274,52.850670939904695,57.205154005572716,74.7421356237308,57.205154005572716,52.850670939904695,57.205154005572716,116,UP,0.7071067811865471,0.707106781186547
53.27493500861662,53.27493500861662,45.0,85.0,85.0,66.07922061357868,50.57484590482856,46.72506499138339,50.574845904828564,66.07922061357868,50.574845904828564,46.72506499138339,50.57484590482856,66.07922061357868,57.66437412441084,53.27493500861662,57.66437412441082,75.34213562373081,57.66437412441083,53.27493500861662,57.66437412441082,117,UP,0.7071067811865471,0.707106781186547
53.69919907732855,53.69919907732855,45.0,85.0,85.0,65.47922061357866,50.11562578599045,46.30080092267146,50.11562578599045,65.47922061357868,50.11562578599045,46.30080092267146,50.11562578599045,65.47922061357868,58.123594243248945,53.69919907732855,58.12359424324893,75.9421356237308,58.12359424324894,53.69919907732855,58.12359424324893,118,UP,0.7071067811865471,0.707106781186547
54.12346314604048,54.12346314604048,45.0,85.0,85.0,64.87922061357868,49.65640566715234,45.876536853959536,49.65640566715234,64.8792206135787,49.65640566715234,45.876536853959536,49.65640566715234,64.87922061357867,58.58281436208705,54.12346314604048,58.58281436208704,76.54213562373081,58.58281436208704,54.12346314604048,58.58281436208703,119,UP,0.7071067811865471,0.707106781186547
54.547727214752406,54.547727214752406,45.0,85.0,85.0,64.2792206135787,49.19718554831424,45.45227278524761,49.19718554831424,64.2792206135787,49.19718554831424,45.45227278524761,49.19718554831424,64.27922061357867,59.04203448092515,54.547727214752406,59.04203448092514,77.14213562373081,59.042034480925146,54.547727214752406,59.04203448092514,120,UP,0.7071067811865471,0.707106781186547
54.971991283464334,54.971991283464334,45.0,85.0,85.0,63.67922061357869,48.737965429476134,45.02800871653568,48.737965429476134,63.6792206135787,48.737965429476134,45.02800871653568,48.737965429476134,63.67922061357867,59.50125459976327,54.971991283464334,59.50125459976326,77.7421356237308,59.50125459976326,54.971991283464334,59.50125459976326,121,UP,0.7071067811865471,0.707106781186547
55.39625535217626,55.39625535217626,45.0,85.0,85.0,63.07922061357867,48.27874531063802,44.603744647823724,48.278745310638016,63.079220613578684,48.278745310638016,44.603744647823724,48.27874531063802,63.07922061357868,59.960474718601375,55.39625535217626,59.96047471860136,78.3421356237308,59.96047471860136,55.39625535217626,59.96047471860136,122,UP,0.7071067811865471,0.707106781186547
55.82051942088819,55.82051942088819,45.0,85.0,85.0,62.4792206135787,47.81952519179992,44.1794805791118,47.81952519179992,62.479220613578704,47.81952519179992,44.1794805791118,47.81952519179992,62.47922061357867,60.41969483743948,55.82051942088819,60.419694837439465,78.9421356237308,60.419694837439465,55.82051942088819,60.41969483743946,123,UP,0.7071067811865471,0.707106781186547
56.24478348960012,56.24478348960012,45.0,85.0,85.0,61.87922061357869,47.360305072961815,43.75521651039988,47.36030507296181,61.8792206135787,47.36030507296181,43.75521651039988,47.360305072961815,61.87922061357868,60.87891495627759,56.24478348960012,60.87891495627757,79.54213562373081,60.878914956277576,56.24478348960012,60.878914956277576,124,UP,0.7071067811865471,0.707106781186547
56.669047558312045,56.669047558312045,45.0,85.0,85.0,61.27922061357868,46.901084954123704,43.33095244168797,46.901084954123704,61.27922061357868,46.901084954123704,43.33095244168797,46.901084954123704,61.27922061357868,61.338135075115694,56.669047558312045,61.33813507511568,80.14213562373081,61.33813507511569,56.669047558312045,61.33813507511567,125,UP,0.7071067811865471,0.707106781186547
57.09331162702397,57.09331162702397,45.0,85.0,85.0,60.67922061357868,46.4418648352856,42.90668837297604,46.44186483528559,60.679220613578686,46.44186483528559,42.90668837297604,46.4418648352856,60.67922061357867,61.7973551939538,57.09331162702397,61.797355193953784,80.7421356237308,61.797355193953784,57.09331162702397,61.797355193953784,126,UP,0.7071067811865471,0.707106781186547
57.5175756957359,57.5175756957359,45.0,85.0,85.0,60.0792206135787,45.98264471644749,42.482424304264114,45.98264471644749,60.079220613578705,45.98264471644749,42.482424304264114,45.98264471644749,60.07922061357868,62.2565753127919,57.5175756957359,62.25657531279189,81.3421356237308,62.256575312791895,57.5175756957359,62.25657531279189,127,UP,0.7071067811865471,0.707106781186547
57.94183976444783,57.94183976444783,45.0,85.0,85.0,59.47922061357871,45.523424597609385,42.05816023555219,45.523424597609385,59.47922061357871,45.523424597609385,42.05816023555219,45.523424597609385,59.47922061357868,62.71579543163001,57.94183976444783,62.71579543163,81.94213562373079,62.715795431630006,57.94183976444783,62.71579543163,128,UP,0.7071067811865471,0.707106781186547
58.366103833159755,58.366103833159755,45.0,85.0,85.0,58.879220613578696,45.06420447877127,41.63389616684026,45.06420447877127,58.87922061357871,45.06420447877127,41.63389616684026,45.06420447877127,58.87922061357867,63.175015550468125,58.366103833159755,63.1750155504681,82.5421356237308,63.17501555046811,58.366103833159755,63.1750155504681,129,UP,0.7071067811865471,0.707106781186547
58.79036790187168,58.79036790187168,45.0,85.0,85.0,58.279220613578694,44.60498435993317,41.2096320981283,44.60498435993317,58.279220613578694,44.60498435993317,41.2096320981283,44.60498435993317,58.27922061357867,63.634235669306214,58.79036790187168,63.63423566930621,83.1421356237308,63.634235669306214,58.79036790187168,63.6342356693062,130,UP,0.7071067811865471,0.707106781186547
59.21463197058361,59.21463197058361,45.0,85.0,85.0,57.6792206135787,44.14576424109506,40.78536802941639,44.14576424109506,57.67922061357871,44.14576424109506,40.78536802941639,44.14576424109506,57.67922061357867,64.09345578814433,59.21463197058361,64.09345578814433,83.74213562373079,64.09345578814433,59.21463197058361,64.09345578814431,131,UP,0.7071067811865471,0.707106781186547
59.63889603929554,59.63889603929554,45.0,85.0,85.0,57.079220613578705,43.686544122256954,40.36110396070446,43.686544122256954,57.07922061357871,43.686544122256954,40.36110396070446,43.686544122256954,57.079220613578705,64.55267590698244,59.63889603929554,64.55267590698243,84.3421356237308,64.55267590698243,59.63889603929554,64.55267590698243,132,UP,0.7071067811865471,0.707106781186547
60.063160108007466,60.063160108007466,45.0,85.0,85.0,56.4792206135787,43.22732400341885,39.93683989199255,43.22732400341885,56.4792206135787,43.22732400341885,39.93683989199255,43.22732400341885,56.4792206135787,65.01189602582055,60.063160108007466,65.01189602582053,84.9421356237308,65.01189602582053,60.063160108007466,65.01189602582053,133,UP,0.7071067811865471,0.707106781186547
60.487424176719394,60.487424176719394,45.0,85.0,85.0,55.87922061357869,42.76810388458074,39.51257582328062,42.76810388458074,55.879220613578696,42.76810388458074,39.51257582328062,42.76810388458074,55.87922061357869,65.47111614465865,60.487424176719394,65.47111614465864,85.5421356237308,65.47111614465865,60.487424176719394,65.47111614465864,134,UP,0.7071067811865471,0.707106781186547
60.91168824543132,60.91168824543132,45.0,85.0,85.0,55.27922061357871,42.308883765742635,39.08831175456869,42.308883765742635,55.279220613578715,42.308883765742635,39.08831175456869,42.308883765742635,55.279220613578694,65.93033626349676,60.91168824543132,65.93033626349674,86.1421356237308,65.93033626349674,60.91168824543132,65.93033626349674,135,UP,0.7071067811865471,0.707106781186547
61.33595231414325,61.33595231414325,45.0,85.0,85.0,54.67922061357871,41.84966364690453,38.664047685856765,41.84966364690453,54.679220613578714,41.84966364690453,38.664047685856765,41.84966364690453,54.6792206135787,66.38955638233486,61.33595231414325,66.38955638233486,86.74213562373079,66.38955638233486,61.33595231414325,66.38955638233486,136,UP,0.7071067811865471,0.707106781186547
61.76021638285518,61.76021638285518,45.0,85.0,85.0,54.079220613578705,41.390443528066434,38.23978361714484,41.39044352806643,54.07922061357872,41.39044352806643,38.23978361714484,41.390443528066434,54.07922061357869,66.84877650117298,61.76021638285518,66.84877650117296,87.34213562373078,66.84877650117296,61.76021638285518,66.84877650117296,137,UP,0.7071067811865471,0.707106781186547
62.184480451567104,62.184480451567104,45.0,85.0,85.0,53.47922061357869,40.931223409228316,37.81551954843292,40.931223409228316,53.4792206135787,40.931223409228316,37.81551954843292,40.931223409228316,53.4792206135787,67.30799662001108,62.184480451567104,67.30799662001107,87.94213562373079,67.30799662001107,62.184480451567104,67.30799662001105,138,UP,0.7071067811865471,0.707106781186547
62.60874452027903,62.60874452027903,45.0,85.0,85.0,52.87922061357871,40.47200329039022,37.391255479720954,40.47200329039022,52.87922061357872,40.47200329039022,37.391255479720954,40.47200329039022,52.879220613578696,67.76721673884919,62.60874452027903,67.76721673884917,88.54213562373079,67.76721673884917,62.60874452027903,67.76721673884917,139,UP,0.7071067811865471,0.707106781186547
63.03300858899096,63.03300858899096,45.0,85.0,85.0,52.27922061357872,40.0127831715521,36.96699141100905,40.0127831715521,52.27922061357873,40.0127831715521,36.96699141100905,40.0127831715521,52.279220613578715,68.22643685768729,63.03300858899096,68.22643685768728,89.14213562373078,68.22643685768728,63.03300858899096,68.22643685768728,140,UP,0.7071067811865471,0.707106781186547
63.45727265770289,63.45727265770289,45.0,85.0,85.0,51.67922061357869,39.553563052714,36.54272734229713,39.553563052714004,51.6792206135787,39.553563052714004,36.54272734229713,39.553563052714,51.67922061357869,68.68565697652541,63.45727265770289,68.68565697652538,89.74213562373077,68.68565697652538,63.45727265770289,68.68565697652538,141,UP,0.7071067811865471,0.707106781186547
63.881536726414815,63.881536726414815,45.0,85.0,85.0,51.079220613578705,39.094342933875886,36.118463273585206,39.09434293387589,51.07922061357871,39.09434293387589,36.118463273585206,39.094342933875886,51.0792206135787,69.1448770953635,63.881536726414815,69.1448770953635,90.34213562373078,69.1448770953635,63.881536726414815,69.1448770953635,142,UP,0.7071067811865471,0.707106781186547
64.30580079512674,64.30580079512674,45.0,85.0,85.0,50.479220613578725,38.63512281503779,35.69419920487327,38.63512281503779,50.479220613578725,38.63512281503779,35.69419920487327,38.63512281503779,50.47922061357869,69.60409721420162,64.30580079512674,69.6040972142016,90.94213562373078,69.6040972142016,64.30580079512674,69.6040972142016,143,UP,0.7071067811865471,0.707106781186547
64.73006486383868,64.73006486383868,45.0,85.0,85.0,49.87922061357871,38.17590269619967,35.26993513616134,38.17590269619967,49.87922061357872,38.17590269619967,35.26993513616134,38.17590269619967,49.87922061357869,70.06331733303973,64.73006486383868,70.06331733303972,91.54213562373079,70.06331733303972,64.73006486383868,70.0633173330397,144,UP,0.7071067811865471,0.707106781186547
65.15432893255061,65.15432893255061,45.0,85.0,85.0,49.279220613578694,37.71668257736156,34.84567106744939,37.71668257736156,49.27922061357871,37.71668257736156,34.84567106744939,37.71668257736156,49.27922061357869,70.52253745187785,65.15432893255061,70.52253745187782,92.1421356237308,70.52253745187784,65.15432893255061,70.52253745187782,145,UP,0.7071067811865471,0.707106781186547
65.57859300126255,65.57859300126255,45.0,85.0,85.0,48.67922061357869,37.25746245852344,34.42140699873747,37.25746245852344,48.67922061357868,37.25746245852344,34.42140699873747,37.25746245852345,48.67922061357869,70.98175757071596,65.57859300126255,70.98175757071594,92.7421356237308,70.98175757071594,65.57859300126255,70.98175757071594,146,UP,0.7071067811865471,0.707106781186547
66.00285706997448,66.00285706997448,45.0,85.0,85.0,48.07922061357869,36.79824233968532,33.99714293002553,36.79824233968534,48.07922061357869,36.79824233968534,33.99714293002553,36.79824233968533,48.079220613578656,71.44097768955407,66.00285706997448,71.44097768955406,93.34213562373081,71.44097768955406,66.00285706997448,71.44097768955406,147,UP,0.7071067811865471,0.707106781186547
66.42712113868642,66.42712113868642,45.0,85.0,85.0,47.47922061357867,36.33902222084722,33.5728788613136,36.33902222084722,47.47922061357868,36.33902222084722,33.5728788613136,36.33902222084721,47.479220613578654,71.9001978083922,66.42712113868642,71.90019780839218,93.94213562373082,71.90019780839218,66.42712113868642,71.90019780839216,148,UP,0.7071067811865471,0.707106781186547
66.85138520739835,66.85138520739835,45.0,85.0,85.0,46.87922061357867,35.8798021020091,33.148614792601634,35.8798021020091,46.879220613578674,35.8798021020091,33.148614792601634,35.879802102009094,46.87922061357865,72.35941792723031,66.85138520739835,72.3594179272303,94.54213562373084,72.35941792723031,66.85138520739835,72.3594179272303,149,UP,0.7071067811865471,0.707106781186547
67.27564927611029,67.27564927611029,45.0,85.0,85.0,46.27922061357865,35.42058198317099,32.72435072388973,35.42058198317099,46.279220613578644,35.42058198317099,32.72435072388973,35.42058198317099,46.27922061357865,72.81863804606841,67.27564927611029,72.8186380460684,95.14213562373084,72.81863804606841,67.27564927611029,72.8186380460684,150,UP,0.7071067811865471,0.707106781186547
67.69991334482222,67.69991334482222,45.0,85.0,85.0,45.67922061357866,34.96136186433287,32.30008665517779,34.96136186433287,45.67922061357866,34.96136186433287,32.30008665517779,34.96136186433287,45.67922061357863,73.27785816490655,67.69991334482222,73.27785816490652,95.74213562373085,73.27785816490653,67.69991334482222,73.27785816490652,151,UP,0.7071067811865471,0.707106781186547
68.12417741353416,68.12417741353416,45.0,85.0,85.0,45.079220613578634,34.50214174549476,31.87582258646586,34.502141745494754,45.07922061357865,34.502141745494754,31.87582258646586,34.50214174549476,45.07922061357862,73.73707828374464,68.12417741353416,73.73707828374464,96.34213562373085,73.73707828374464,68.12417741353416,73.73707828374464,152,UP,0.7071067811865471,0.707106781186547
68.54844148224609,68.54844148224609,45.0,85.0,85.0,44.47922061357863,34.04292162665665,31.45155851775391,34.04292162665665,44.47922061357864,34.04292162665665,31.45155851775391,34.04292162665665,44.47922061357862,74.19629840258278,68.54844148224609,74.19629840258276,96.94213562373086,74.19629840258276,68.54844148224609,74.19629840258276,153,UP,0.7071067811865471,0.707106781186547
68.97270555095803,68.97270555095803,45.0,85.0,85.0,43.87922061357861,33.58370150781853,31.02729444904199,33.58370150781852,43.87922061357861,33.58370150781852,31.02729444904199,33.58370150781853,43.87922061357861,74.65551852142087,68.97270555095803,74.65551852142086,97.54213562373087,74.65551852142087,68.97270555095803,74.65551852142086,154,UP,0.7071067811865471,0.707106781186547
69.39696961966996,69.39696961966996,45.0,85.0,85.0,43.279220613578616,33.12448138898041,30.603030380330054,33.12448138898041,43.279220613578616,33.12448138898041,30.603030380330054,33.12448138898041,43.279220613578595,75.11473864025899,69.39696961966996,75.11473864025898,98.14213562373088,75.11473864025898,69.39696961966996,75.11473864025898,155,UP,0.7071067811865471,0.707106781186547
69.8212336883819,69.8212336883819,45.0,85.0,85.0,42.679220613578615,32.6652612701423,30.17876631161812,32.6652612701423,42.67922061357861,32.6652612701423,30.17876631161812,32.665261270142295,42.679220613578586,75.57395875909712,69.8212336883819,75.5739587590971,98.74213562373089,75.5739587590971,69.8212336883819,75.57395875909708,156,UP,0.7071067811865471,0.707106781186547
70.24549775709383,70.24549775709383,45.0,85.0,85.0,42.07922061357859,32.20604115130419,29.754502242906156,32.206041151304184,42.079220613578606,32.206041151304184,29.754502242906156,32.20604115130419,42.079220613578585,76.03317887793523,70.24549775709383,76.03317887793521,99.3421356237309,76.03317887793521,70.24549775709383,76.03317887793521,157,UP,0.7071067811865471,0.707106781186547
70.66976182580576,70.66976182580576,45.0,85.0,85.0,41.479220613578576,31.746821032466073,29.33023817419425,31.74682103246607,41.47922061357857,31.74682103246607,29.33023817419425,31.746821032466073,41.479220613578576,76.49239899677335,70.66976182580576,76.49239899677332,99.94213562373092,76.49239899677333,70.66976182580576,76.49239899677332,158,UP,0.7071067811865471,0.707106781186547
71.0940258945177,71.0940258945177,45.0,85.0,85.0,40.87922061357858,31.287600913627955,28.905974105482315,31.287600913627955,40.87922061357858,31.287600913627955,28.905974105482315,31.28760091362796,40.87922061357856,75.53495045979746,71.0940258945177,76.95161911561144,100.54213562373091,76.95161911561144,71.0940258945177,75.53495045979754,159,UP,0.7071067811865471,0.707106781186547
71.51828996322963,71.51828996322963,45.0,85.0,85.0,40.27922061357858,30.828380794789844,28.48171003677038,30.828380794789847,40.27922061357857,30.828380794789847,28.48171003677038,30.82838079478985,40.27922061357853,74.42629502078383,71.51828996322963,77.41083923444955,101.14213562373094,77.41083923444957,71.51828996322963,74.42629502078397,160,UP,0.7071067811865471,0.707106781186547
71.94255403194157,71.94255403194157,45.0,85.0,85.0,39.67922061357856,30.369160675951726,28.05744596805843,30.369160675951726,39.679220613578565,30.369160675951726,28.05744596805843,30.369160675951733,39.679220613578536,73.31763958177031,71.94255403194157,77.87005935328766,101.74213562373093,77.87005935328767,71.94255403194157,73.31763958177045,161,UP,0.7071067811865471,0.707106781186547
72.3668181006535,72.3668181006535,45.0,85.0,85.0,39.079220613578535,29.909940557113618,27.63318189934651,29.909940557113615,39.07922061357854,29.909940557113615,27.63318189934651,29.909940557113615,39.079220613578535,72.20898414275669,72.3668181006535,78.32927947212578,102.34213562373093,78.32927947212579,72.3668181006535,72.20898414275682,162,UP,0.7071067811865471,0.707106781186547
72.79108216936544,72.79108216936544,45.0,85.0,85.0,38.47922061357853,29.450720438275503,27.208917830634576,29.4507204382755,38.47922061357855,29.4507204382755,27.208917830634576,29.450720438275503,38.479220613578526,71.10032870374317,72.79108216936544,78.7884995909639,102.94213562373096,78.7884995909639,72.79108216936544,71.10032870374326,163,UP,0.7071067811865471,0.707106781186547
73.21534623807737,73.21534623807737,45.0,85.0,85.0,37.87922061357853,28.99150031943739,26.78465376192264,28.99150031943739,37.87922061357854,28.99150031943739,26.78465376192264,28.99150031943738,37.879220613578504,69.99167326472961,73.21534623807737,79.24771970980201,103.54213562373096,79.24771970980201,73.21534623807737,69.99167326472973,164,UP,0.7071067811865471,0.707106781186547
73.63961030678931,73.63961030678931,45.0,85.0,85.0,37.279220613578524,28.53228020059927,26.360389693210678,28.53228020059927,37.27922061357853,28.53228020059927,26.360389693210678,28.532280200599278,37.2792206135785,68.88301782571607,73.63961030678931,79.70693982864013,104.14213562373098,79.70693982864015,73.63961030678931,68.88301782571617,165,UP,0.7071067811865471,0.707106781186547
74.06387437550124,74.06387437550124,45.0,85.0,85.0,36.679220613578494,28.073060081761156,25.93612562449877,28.073060081761156,36.6792206135785,28.073060081761156,25.93612562449877,28.07306008176116,36.679220613578494,67.77436238670249,74.06387437550124,80.16615994747823,104.74213562373096,80.16615994747825,74.06387437550124,67.77436238670262,166,UP,0.7071067811865471,0.707106781186547
74.48813844421318,74.48813844421318,45.0,85.0,85.0,36.079220613578514,27.61383996292304,25.511861555786837,27.613839962923045,36.079220613578514,27.613839962923045,25.511861555786837,27.61383996292304,36.07922061357849,66.66570694768892,74.48813844421318,80.62538006631635,105.34213562373098,80.62538006631635,74.48813844421318,66.66570694768905,167,UP,0.7071067811865471,0.707106781186547
74.91240251292511,74.91240251292511,45.0,85.0,85.0,35.479220613578505,27.154619844084927,25.087597487074902,27.15461984408493,35.479220613578505,27.15461984408493,25.087597487074902,27.154619844084927,35.479220613578484,65.55705150867536,74.91240251292511,81.08460018515446,105.94213562373099,81.08460018515447,74.91240251292511,65.55705150867547,168,UP,0.7071067811865471,0.707106781186547
75.33666658163705,75.33666658163705,45.0,85.0,85.0,34.879220613578504,26.695399725246812,24.663333418362953,26.695399725246812,34.8792206135785,26.695399725246812,24.663333418362953,26.695399725246812,34.87922061357847,64.44839606966178,75.33666658163705,81.54382030399258,106.54213562373101,81.54382030399259,75.33666658163705,64.44839606966195,169,UP,0.7071067811865471,0.707106781186547
75.76093065034898,75.76093065034898,45.0,85.0,85.0,34.27922061357846,26.236179606408697,24.239069349651032,26.236179606408697,34.27922061357847,26.236179606408697,24.239069349651032,26.236179606408697,34.27922061357846,63.33974063064824,75.76093065034898,82.0030404228307,107.14213562373102,82.00304042283071,75.76093065034898,63.33974063064832,170,UP,0.7071067811865471,0.707106781186547
76.18519471906092,76.18519471906092,45.0,85.0,85.0,33.67922061357846,25.776959487570583,23.814805280939098,25.776959487570583,33.67922061357848,25.776959487570583,23.814805280939098,25.776959487570583,33.679220613578465,62.2310851916347,76.18519471906092,82.46226054166881,107.74213562373103,82.46226054166881,76.18519471906092,62.231085191634754,171,UP,0.7071067811865471,0.707106781186547
76.60945878777285,76.60945878777285,45.0,85.0,85.0,33.07922061357846,25.317739368732468,23.390541212227163,25.317739368732468,33.07922061357847,25.317739368732468,23.390541212227163,25.317739368732475,33.07922061357844,61.12242975262116,76.60945878777285,82.92148066050692,108.34213562373104,82.92148066050693,76.60945878777285,61.12242975262124,172,UP,0.7071067811865471,0.707106781186547
77.03372285648479,77.03372285648479,45.0,85.0,85.0,32.47922061357846,24.858519249894353,22.9662771435152,24.858519249894346,32.47922061357846,24.858519249894346,22.9662771435152,24.858519249894353,32.479220613578434,60.013774313607534,77.03372285648479,83.38070077934503,108.94213562373105,83.38070077934505,77.03372285648479,60.01377431360767,173,UP,0.7071067811865471,0.707106781186547
77.45798692519672,77.45798692519672,45.0,85.0,85.0,31.879220613578436,24.39929913105623,22.542013074803293,24.39929913105624,31.879220613578433,24.39929913105624,22.542013074803293,24.39929913105624,31.879220613578436,58.90511887459402,77.45798692519672,83.83992089818315,109.54213562373106,83.83992089818317,77.45798692519672,58.905118874594116,174,UP,0.7071067811865471,0.707106781186547
77.88225099390866,77.88225099390866,45.0,85.0,85.0,31.27922061357843,23.940079012218124,22.11774900609136,23.940079012218124,31.279220613578442,23.940079012218124,22.11774900609136,23.940079012218124,31.27922061357844,57.79646343558044,77.88225099390866,84.29914101702127,110.14213562373105,84.29914101702127,77.88225099390866,57.79646343558055,175,UP,0.7071067811865471,0.707106781186547
78.30651506262059,78.30651506262059,45.0,85.0,85.0,30.679220613578433,23.48085889338001,21.693484937379424,23.480858893380017,30.679220613578433,23.480858893380017,21.693484937379424,23.480858893380006,30.679220613578416,56.687807996566875,78.30651506262059,84.75836113585937,110.74213562373107,84.75836113585939,78.30651506262059,56.687807996567,176,UP,0.7071067811865471,0.707106781186547
78.73077913133253,78.73077913133253,45.0,85.0,85.0,30.079220613578435,23.0216387745419,21.269220868667475,23.0216387745419,30.079220613578425,23.0216387745419,21.269220868667475,23.021638774541902,30.079220613578393,55.57915255755331,78.73077913133253,85.21758125469749,111.34213562373107,85.2175812546975,78.73077913133253,55.57915255755341,177,UP,0.7071067811865471,0.707106781186547
79.15504320004446,79.15504320004446,45.0,85.0,85.0,29.479220613578384,22.562418655703787,20.844956799955554,22.562418655703784,29.479220613578395,22.562418655703784,20.844956799955554,22.562418655703784,29.479220613578384,54.47049711853976,79.15504320004446,85.67680137353562,111.94213562373109,85.67680137353562,79.15504320004446,54.47049711853989,178,UP,0.7071067811865471,0.707106781186547
79.5793072687564,79.5793072687564,45.0,85.0,85.0,28.879220613578408,22.103198536865666,20.42069273124362,22.103198536865666,28.879220613578408,22.103198536865666,20.42069273124362,22.103198536865673,28.879220613578394,53.361841679526215,79.5793072687564,86.13602149237373,112.54213562373108,86.13602149237373,79.5793072687564,53.36184167952629,179,UP,0.7071067811865471,0.707106781186547
80.00357133746833,80.00357133746833,45.0,85.0,85.0,28.279220613578385,21.643978418027558,19.996428662531684,21.643978418027555,28.279220613578396,21.643978418027555,19.996428662531684,21.643978418027558,28.279220613578367,52.253186240512676,80.00357133746833,86.59524161121183,113.14213562373111,86.59524161121185,80.00357133746833,52.25318624051274,180,UP,0.7071067811865471,0.707106781186547
80.42783540618026,80.42783540618026,45.0,85.0,85.0,27.679220613578384,21.18475829918943,19.57216459381972,21.184758299189433,27.679220613578387,21.184758299189433,19.57216459381972,21.184758299189433,27.679220613578345,51.14453080149909,80.42783540618026,87.05446173004995,113.7421356237311,87.05446173004997,80.42783540618026,51.144530801499194,181,UP,0.7071067811865471,0.707106781186547
80.8520994748922,80.8520994748922,45.0,85.0,85.0,27.07922061357836,20.725538180351325,19.147900525107815,20.725538180351318,27.07922061357836,20.725538180351318,19.147900525107815,20.72553818035133,27.07922061357836,50.035875362485505,80.8520994748922,87.51368184888807,114.34213562373112,87.51368184888808,80.8520994748922,50.03587536248562,182,UP,0.7071067811865471,0.707106781186547
81.27636354360413,81.27636354360413,45.0,85.0,85.0,26.479220613578363,20.2663180615132,18.72363645639588,20.26631806151321,26.47922061357837,20.26631806151321,18.72363645639588,20.266318061513207,26.479220613578345,48.92721992347199,81.27636354360413,87.97290196772619,114.94213562373113,87.97290196772619,81.27636354360413,48.927219923471995,183,UP,0.7071067811865471,0.707106781186547
81.70062761231607,81.70062761231607,45.0,85.0,85.0,25.87922061357834,19.807097942675092,18.299372387683945,19.807097942675096,25.879220613578365,19.807097942675096,18.299372387683945,19.807097942675096,25.87922061357834,47.81856448445843,81.70062761231607,88.43212208656429,115.54213562373114,88.4321220865643,81.70062761231607,47.81856448445848,184,UP,0.7071067811865471,0.707106781186547
82.124891681028,82.124891681028,45.0,85.0,85.0,25.27922061357833,19.34787782383699,17.875108318971996,19.347877823836978,25.279220613578353,19.347877823836978,17.875108318971996,19.34787782383699,25.279220613578325,46.70990904544486,82.124891681028,88.89134220540241,116.14213562373114,88.89134220540242,82.124891681028,46.70990904544496,185,UP,0.7071067811865471,0.707106781186547
82.54915574973994,82.54915574973994,45.0,85.0,85.0,24.679220613578334,18.888657704998867,17.450844250260076,18.888657704998867,24.679220613578323,18.888657704998867,17.450844250260076,18.888657704998874,24.679220613578334,45.601253606431285,82.54915574973994,89.35056232424053,116.74213562373116,89.35056232424053,82.54915574973994,45.60125360643133,186,UP,0.7071067811865471,0.707106781186547
82.97341981845187,82.97341981845187,45.0,85.0,85.0,24.079220613578336,18.42943758616076,17.02658018154814,18.429437586160745,24.079220613578336,18.429437586160745,17.02658018154814,18.429437586160752,24.079220613578315,44.49259816741777,82.97341981845187,89.80978244307865,117.34213562373115,89.80978244307865,82.97341981845187,44.49259816741782,187,UP,0.7071067811865471,0.707106781186547
83.39768388716381,83.39768388716381,45.0,85.0,85.0,23.479220613578338,17.970217467322634,16.602316112836206,17.970217467322644,23.479220613578327,17.970217467322644,16.602316112836206,17.97021746732264,23.479220613578317,43.3839427284042,83.39768388716381,90.26900256191675,117.94213562373116,90.26900256191676,83.39768388716381,43.38394272840424,188,UP,0.7071067811865471,0.707106781186547
83.82194795587574,83.82194795587574,45.0,85.0,85.0,22.87922061357831,17.51099734848452,16.178052044124243,17.51099734848452,22.87922061357832,17.51099734848452,16.178052044124243,17.510997348484523,22.879220613578298,42.27528728939058,83.82194795587574,90.72822268075487,118.54213562373118,90.72822268075487,83.82194795587574,42.27528728939067,189,UP,0.7071067811865471,0.707106781186547
84.24621202458768,84.24621202458768,45.0,85.0,85.0,22.27922061357829,17.051777229646415,15.753787975412337,17.05177722964641,22.27922061357829,17.05177722964641,15.753787975412337,17.05177722964641,22.27922061357829,41.16663185037706,84.24621202458768,91.18744279959299,119.14213562373118,91.18744279959299,84.24621202458768,41.166631850377094,190,UP,0.7071067811865471,0.707106781186547
84.67047609329961,84.67047609329961,45.0,85.0,85.0,21.67922061357829,16.59255711080829,15.329523906700402,16.592557110808293,21.679220613578302,16.592557110808293,15.329523906700402,16.592557110808293,21.67922061357827,40.05797641136354,84.67047609329961,91.6466629184311,119.7421356237312,91.6466629184311,84.67047609329961,40.057976411363526,191,UP,0.7071067811865471,0.707106781186547
85.09474016201155,85.09474016201155,45.0,85.0,85.0,21.079220613578283,16.133336991970182,14.905259837988467,16.133336991970175,21.07922061357829,16.133336991970175,14.905259837988467,16.133336991970175,21.079220613578272,38.94932097234992,85.09474016201155,92.10588303726921,120.3421356237312,92.10588303726922,85.09474016201155,38.94932097235001,192,STOP,0.0,0.0
85.09474016201155,85.09474016201155,45.0,85.0,85.0,21.079220613578283,16.133336991970182,14.905259837988467,16.133336991970175,21.07922061357829,16.133336991970175,14.905259837988467,16.133336991970175,21.079220613578272,38.94932097234992,85.09474016201155,92.10588303726921,120.3421356237312,92.10588303726922,85.09474016201155,38.94932097235001,193,STOP,0.0,0.0
85.09474016201155,85.09474016201155,45.0,85.0,85.0,21.079220613578283,16.133336991970182,14.905259837988467,16.133336991970175,21.07922061357829,16.133336991970175,14.905259837988467,16.133336991970175,21.079220613578272,38.94932097234992,85.09474016201155,92.10588303726921,120.3421356237312,92.10588303726922,85.09474016201155,38.94932097235001,194,STOP,0.0,0.0
85.09474016201155,85.09474016201155,45.0,85.0,85.0,21.079220613578283,16.133336991970182,14.905259837988467,16.133336991970175,21.07922061357829,16.133336991970175,14.905259837988467,16.133336991970175,21.079220613578272,38.94932097234992,85.09474016201155,92.10588303726921,120.3421356237312,92.10588303726922,85.09474016201155,38.94932097235001,195,STOP,0.0,0.0
85.09474016201155,85.09474016201155,45.0,85.0,85.0,21.079220613578283,16.133336991970182,14.905259837988467,16.133336991970175,21.07922061357829,16.133336991970175,14.905259837988467,16.133336991970175,21.079220613578272,38.94932097234992,85.09474016201155,92.10588303726921,120.3421356237312,92.10588303726922,85.09474016201155,38.94932097235001,196,STOP,0.0,0.0
85.09474016201155,85.09474016201155,45.0,85.0,85.0,21.079220613578283,16.133336991970182,14.905259837988467,16.133336991970175,21.07922061357829,16.133336991970175,14.905259837988467,16.133336991970175,21.079220613578272,38.94932097234992,85.09474016201155,92.10588303726921,120.3421356237312,92.10588303726922,85.09474016201155,38.94932097235001,197,STOP,0.0,0.0
85.09474016201155,85.09474016201155,45.0,85.0,85.0,21.079220613578283,16.133336991970182,14.905259837988467,16.133336991970175,21.07922061357829,16.133336991970175,14.905259837988467,16.133336991970175,21.079220613578272,38.94932097234992,85.09474016201155,92.10588303726921,120.3421356237312,92.10588303726922,85.09474016201155,38.94932097235001,198,STOP,0.0,0.0
85.09474016201155,85.09474016201155,45.0,85.0,85.0,21.079220613578283,16.133336991970182,14.905259837988467,16.133336991970175,21.07922061357829,16.133336991970175,14.905259837988467,16.133336991970175,21.079220613578272,38.94932097234992,85.09474016201155,92.10588303726921,120.3421356237312,92.10588303726922,85.09474016201155,38.94932097235001,199,STOP,0.0,0.0
85.09474016201155,85.09474016201155,45.0,85.0,85.0,21.079220613578283,16.133336991970182,14.905259837988467,16.133336991970175,21.07922061357829,16.133336991970175,14.905259837988467,16.133336991970175,21.079220613578272,38.94932097234992,85.09474016201155,92.10588303726921,120.3421356237312,92.10588303726922,85.09474016201155,38.94932097235001,200,STOP,0.0,0.0
85.09474016201155,85.09474016201155,45.0,85.0,85.0,21.079220613578283,16.133336991970182,14.905259837988467,16.133336991970175,21.07922061357829,16.133336991970175,14.905259837988467,16.133336991970175,21.079220613578272,38.94932097234992,85.09474016201155,92.10588303726921,120.3421356237312,92.10588303726922,85.09474016201155,38.94932097235001,201,STOP,0.0,0.0
